Metros	ID	Dir3	LATLON	EXCEL	LATLON
0	50177	C/ Alejandro Dumas, 11 - 28005.	40.4027031,-3.7190734	C/ Alejandro Dumas, 11 - 28005.	40.4027031,-3.7190734
1303	27650	C/ JOSE GUTIERREZ ABASCAL, 2 28006 Madrid (Madrid)	40.450082,-3.680077	C/ JOSE GUTIERREZ ABASCAL, 2 28006 Madrid	40.4409837,-3.6897804
0	48057	C/ Fuente Victoria, 2, 04007 ALMERIA	36.83587,-2.44350	C/ Fuente Victoria, 2, 04007 ALMERIA	36.83587,-2.44350
5	47109	Paseo De la Castellana 106 28046 Madrid (Madrid)	40.4453677,-3.6906392	Paseo de la Castellana, 106 28046 MADRID	40.4453205,-3.6906365
51	31752	Calle Campezo 1 28022 Madrid (Madrid)	40.4484024,-3.5818388	Calle Campezo 1 28022 Madrid	40.447938,-3.5818723
10835	49219	Paseo del Prado 18 y 20, 28014 Madrid	40.4133967,-3.694118	Avda. de Cantabria 52. 28042 Madrid	40.4603604,-3.5819888
5	31758	Calle Alcalá 56, 28014 Madrid	40.4195431,-3.690349	c/ Alcalá 56. 28014 Madrid	40.4195785,-3.6903966
13	29712	Calle Trafalgar 29 28010 Madrid (Madrid)	40.4336803,-3.70165	Trafalgar 29 - 28010	40.4337086,-3.701799
7176	46098	Plaza De la Provincia 1 28012 Madrid (Madrid)	40.4146744,-3.706009	Edificio Torres Ágora. C/ Serrano Galvache, 26 28071 Madrid	40.4737364,-3.6718852
3	46101	Plaza De la Provincia 1 28012 Madrid (Madrid)	40.4146744,-3.706009	Palacio de Santa Cruz. Plaza de la Provincia, 1 28071 Madrid	40.4146979,-3.7060318
2558	48150	Calle Leonardo Prieto Castro 8 28071 Madrid (Madrid)	40.4522076,-3.7237276	C/ Ríos Rosas, 44-A, 5º A 28003 Madrid	40.4415091,-3.6969652
2558	48151	Calle Leonardo Prieto Castro 8 28071 Madrid (Madrid)	40.4522076,-3.7237276	C/ Ríos Rosas, 44-A, 5º A 28003 Madrid	40.4415091,-3.6969652
30	48152	Calle Leonardo Prieto Castro 8 28071 Madrid (Madrid)	40.4522076,-3.7237276	C/ Leonardo Prieto Castro, 8 Ciudad Universitaria 28071 Madrid	40.4524581,-3.7235924
30	48153	Calle Leonardo Prieto Castro 8 28071 Madrid (Madrid)	40.4522076,-3.7237276	C/ Leonardo Prieto Castro, 8 Ciudad Universitaria 28071 Madrid	40.4524581,-3.7235924
30	48155	Calle Leonardo Prieto Castro 8 28071 Madrid (Madrid)	40.4522076,-3.7237276	C/ Leonardo Prieto Castro, 8 Ciudad Universitaria 28071 Madrid	40.4524581,-3.7235924
30	48156	Calle Leonardo Prieto Castro 8 28071 Madrid (Madrid)	40.4522076,-3.7237276	C/ Leonardo Prieto Castro, 8 Ciudad Universitaria 28071 Madrid	40.4524581,-3.7235924
30	48157	Calle Leonardo Prieto Castro 8 28071 Madrid (Madrid)	40.4522076,-3.7237276	C/ Leonardo Prieto Castro, 8 Ciudad Universitaria 28071 Madrid	40.4524581,-3.7235924
94	46111	Complejo de la Moncloa, Avenida Puerta de Hierro, S/N, 28071 Madrid	40.4464571,-3.7340666	Avenida Puerta de Hierro S/N 28071 Madrid	40.4457993,-3.7347723
6329	33	Paseo Castellana 109, 28046 Madrid	40.4555839,-3.691453	C/ Alejandro Dumas, 11 - 28005.	40.4027031,-3.7190734
14	46114	Calle Atocha 106, 28012 Madrid	40.4100669,-3.6947583	Calle de Atocha, 106. 28012 - Madrid	40.4100727,-3.6949259
92	37211	Paseo de la Castellana 63 28071 Madrid (Madrid)	40.441416,-3.6919265	Paseo de la Castellana, 63 - 28046 - MADRID	40.4422092,-3.6922359
3980	36	Paseo De la Castellana 67 28071 Madrid (Madrid)	40.4435818,-3.6935795	C/ Josefa Valcárcel, 11	40.4489692,-3.6470955
171	48165	Calle Ríos Rosas, 44-A, 28003 Madrid	40.441464,-3.6989845	C/ Ríos Rosas, 44-A, 5º A 28003 Madrid	40.4415091,-3.6969652
14	1062	Calle Atocha 106, 28012 Madrid	40.4100669,-3.6947583	Calle de Atocha, 106. 28012 - Madrid	40.4100727,-3.6949259
1430	39	Calle San Bernardo 45, 28015 Madrid	40.4241396,-3.7076358	Calle Marqués de Duero 4 28071 Madrid	40.4203442,-3.6915009
90	27690	C/ ISAAC NEWTON, 8 28760 Tres Cantos (Madrid)	40.591181,-3.707859	C/ ISAAC NEWTON, 8 28760 Tres Cantos (Madrid)	40.5919228,-3.7083052
30	43	Calle Pedro Justo Dorado Dellmans 11 28040 Madrid (Madrid)	40.4479744,-3.7135932	C/ Pedro Justo Dorado Dellmans, 11 28040 Madrid	40.4482093,-3.7137738
82	44	Calle Infanta Mercedes 37 28020 Madrid (Madrid)	40.4555445,-3.6986356	Calle San Enrique, 26 28020 Madrid	40.4559129,-3.6994841
1029	27697	C/ SERRANO, 121 28006 Madrid (Madrid)	40.446555,-3.676214	C/ Serrano, 121 28006 Madrid	40.4419573,-3.6867636
4	1076	Calle Miguel Angel 25, 28071 Madrid	40.4369226,-3.6914243	Calle Miguel Ángel 25 28071 Madrid (Madrid)	40.4369469,-3.6914732
10	46135	Calle San Bernardo 45, 28015 Madrid	40.4241396,-3.7076358	Calle San Bernardo 45 28071 Madrid	40.4240459,-3.7076727
13	46136	Calle Bolsa 8 28071 Madrid (Madrid)	40.4149615,-3.7045189	Calle Bolsa 8 28071 Madrid	40.4149294,-3.7046678
4709	26682	Calle Claudio Coello 31 28071 Madrid (Madrid)	40.4243463,-3.686817	Avenida Puerta de Hierro S/N 28071 Madrid	40.4457993,-3.7347723
412	49921	Calle Poeta Joan Maragall 41 28020 Madrid (Madrid)	40.4603502,-3.6926738	Pº de la Castellana 160. 28046 Madrid	40.4579257,-3.6889917
26	48189	Paseo Castellana 109, 28046 Madrid	40.4555839,-3.691453	Paseo de la Castellana núm. 109 - 208071	40.4556126,-3.6917607
4709	26686	Calle Claudio Coello 31 28071 Madrid (Madrid)	40.4243463,-3.686817	Avenida Puerta de Hierro S/N 28071 Madrid	40.4457993,-3.7347723
3844	49215	Paseo de la Castellana 63 28071 Madrid (Madrid)	40.441416,-3.6919265	C/ Astros, 5 y 7-28007 - MADRID	40.4117424,-3.6686346
3355	47170	Paseo De la Castellana 14, 28046, Madrid, Comunidad Madrid, España	40.4281763,-3.689167	Pº. de la Castellana, 162 28046-Madrid	40.4583462,-3.6893745
3722	26691	Calle José Marañón 12 28071 Madrid (Madrid)	40.4289647,-3.696776	Avenida Puerta de Hierro S/N 28071 Madrid	40.4457993,-3.7347723
4	48196	Calle San Bernardo 21, 28015 Madrid	40.4226482,-3.7077512	Calle San Bernardo 21 28015 Madrid	40.4226667,-3.7078041
11	48197	Calle San Bernardo 19 28071 Madrid (Madrid)	40.4224562,-3.7077989	Calle San Bernardo 19 28071 Madrid	40.4225478,-3.7078519
11	48198	Calle San Bernardo 19 28012 Madrid (Madrid)	40.4224562,-3.7077989	Calle San Bernardo 19 28071 Madrid	40.4225478,-3.7078519
6	1208	Calle Capitán Haya 41 28046 Madrid (Madrid)	40.4603502,-3.6926738	C/ Poeta Joan Maragall, 41 - 28020, Madrid	40.4603328,-3.6927446
5	36946	Calle Condesa de Venadito 9, 28027 Madrid	40.4447566,-3.6536728	C/ Condesa de Venadito, 9 -28027- MADRID	40.4447359,-3.6537331
4593	29779	Paseo del Prado 4, 28014 Madrid	40.4172375,-3.6945016	Pº. de la Castellana, 162 28046-Madrid	40.4583462,-3.6893745
4593	29780	Paseo del Prado 4, 28014 Madrid	40.4172375,-3.6945016	Pº. de la Castellana, 162 28046-Madrid	40.4583462,-3.6893745
10	46265	Calle Quintiliano 21 28002 Madrid (Madrid)	40.4398521,-3.6747384	C/ Quintiliano, 21 28002 - Madrid	40.4398983,-3.674845
17	31833	Paseo del Prado 18 y 20, 28014 Madrid	40.4133967,-3.694118	Paseo del Prado, 18-20	40.4132403,-3.6941106
3239	27738	Carretera De la Coruña S/N 28040 Madrid (Madrid)	40.4637992,-3.7862919	Crta. de A Coruña, km 7,5 - 28040 Madrid	40.4565603,-3.7492188
17	31835	Paseo del Prado 18 y 20, 28014 Madrid	40.4133967,-3.694118	Paseo del Prado, 18-20	40.4132403,-3.6941106
95	46173	Plaza Goleta 2 28071 Madrid (Madrid)	40.4596795,-3.5826699	Avda. de Cantabria 52. 28042 Madrid	40.4603604,-3.5819888
17	31838	Paseo del Prado 18 y 20, 28014 Madrid	40.4133967,-3.694118	Paseo del Prado, 18-20	40.4132403,-3.6941106
11	27895	Calle Alcala 120 28009 Madrid (Madrid)	40.426194,-3.6722518	C/ Alcalá, 120. 28009 - MADRID	40.4261635,-3.6723754
17	31840	Paseo del Prado 18 y 20, 28014 Madrid	40.4133967,-3.694118	Paseo del Prado, 18-20	40.4132403,-3.6941106
8	46178	Plaza De España 17 28071 Madrid (Madrid)	40.4239456,-3.7128028	Plaza de España, 17	40.4239508,-3.712898
1	49517	Plaza Del Rey 1, 28004 Madrid	40.4202074,-3.6964252	Plaza Plaza del Rey 1 28004 Madrid	40.4202202,-3.6964334
6	1129	Calle Benificiencia 8 28004 Madrid (Madrid)	40.4259384,-3.6995541	C/ Beneficencia, 8 - 28004 - Madrid	40.4259499,-3.6996332
271494	49260	Paseo de la Castellana 63 28071 Madrid (Madrid)	40.4422526,-3.6921924	Camino de las Torres, 22, 50008 ZARAGOZA	41.64550,-0.87615
27	47215	Paseo De la Castellana 75, 28071 Madrid	40.447429,-3.6932527	Paseo de la Castellana, 75 - 28046 MADRID	40.4476311,-3.6934366
7	46192	Avenida Gran Vía de San Francisco 4-6, 28005 Madrid	40.4077415,-3.7121846	Gran Vía de San Francisco, 4 – Madrid 28071	40.4077546,-3.7122717
30	36979	C/ VICTOR DE LA SERNA,43, 28016 Madrid	40.457925,-3.672011	C/ VICTOR DE LA SERNA,43 28016 - MADRID	40.4577341,-3.6722631
8	1143	Calle Corazón de María 8 28002 Madrid (Madrid)	40.4403311,-3.6709015	Calle del Corazón de María, 8 28002 Madrid	40.4403263,-3.671005
223	1146	Avenida Computense 40 28071 Madrid (Madrid)	40.4551872,-3.7266839	Centro de la Moncloa Complutense, 40 28040	40.4540526,-3.7288622
7	1147	Calle Rios Rosas 23 28003 Madrid (Madrid)	40.4423267,-3.6996497	Ríos Rosas, 23 28003 Madrid	40.4423537,-3.6997356
221	1149	Carretera De la Coruña S/N 28040 Madrid (Madrid)	40.4583374,-3.7480376	Crta. de A Coruña, km 7,5 - 28040 Madrid	40.4565603,-3.7492188
2	46206	Paseo De la Castellana 162, 28046 Madrid	40.4583429,-3.6893451	Pº. de la Castellana, 162 28046-Madrid	40.4583462,-3.6893745
26	1156	Paseo Castellana 109, 28046 Madrid	40.4555839,-3.691453	Pº de la Castellana, 109 - 28071 Madrid	40.4556126,-3.6917607
2135	1428	Calle Condesa de Venadito 9, 28027 Madrid	40.4447566,-3.6536728	C/ VICTOR DE LA SERNA,43 28016 - MADRID	40.4577341,-3.6722631
2847	1160	Paseo Castellana 109, 28046 Madrid	40.4555839,-3.691453	Arturo Soria, 289 - 28033 Madrid	40.4744285,-3.6686847
26	1161	Paseo Castellana 109, 28046 Madrid	40.4555839,-3.691453	Paseo de la Castellana, núm. 109 - 28071 Madrid	40.4556126,-3.6917607
0	1162	Joaquín Costa, 6 - 28002 Madrid	40.4458588,-3.688523	Joaquín Costa, 6 - 28002 Madrid	40.4458588,-3.688523
26	1163	Paseo Castellana 109, 28046 Madrid	40.4555839,-3.691453	Pº de la Castellana, 109 - 28071 Madrid.	40.4556126,-3.6917607
2894	1164	Carretera de Ajalvir Km. 4 28850 Torrejón de Ardoz (Madrid)	40.4614925,-3.4804522	Carretera de Ajalvir, Km 4 Torrejón	40.4873947,-3.4772241
26	1165	Paseo Castellana 109, 28046 Madrid	40.4555839,-3.691453	Paseo de la Castellana núm. 109 - 28071 Madrid	40.4556126,-3.6917607
2	29839	Paseo De la Castellana 162, 28046 Madrid	40.4583429,-3.6893451	Pº. de la Castellana, 162 28046-Madrid	40.4583462,-3.6893745
6	31170	Calle Guzmán El Bueno 110 28003 Madrid (Madrid)	40.4445564,-3.7122785	C/ Guzmán el Bueno, 110 28003 - Madrid	40.4446019,-3.7122314
4078	1169	Calle Huesca 31 28020 Madrid (Madrid)	40.4580506,-3.696157	C/ Alcalá, 120. 28009 - MADRID	40.4261635,-3.6723754
0	1170	Acuartelamiento San Cristobal (Villaverde) Avda. Andalucía km 10 28021 Madrid	40.3379078,-3.691317	Acuartelamiento San Cristobal (Villaverde) Avda. Andalucía km 10 28021 Madrid	40.3379078,-3.691317
6	1171	Calle Montalbán 2 28071 Madrid (Madrid)	40.4179984,-3.6921545	Calle de Montalbán, 2, 28014 Madrid	40.4180516,-3.692127
0	1172	Avenida de Madrid, 1, 28670 Villaviciosa de Odón, Madrid	40.3530462,-3.8752884	Avenida de Madrid, 1, 28670 Villaviciosa de Odón, Madrid	40.3530462,-3.8752884
5	47128	Paseo De la Castellana 106 28046 Madrid (Madrid)	40.4453677,-3.6906392	Paseo de la Castellana, 106 28046 MADRID	40.4453205,-3.6906365
412	27799	Calle Poeta Joan Maragall 41 28071 Madrid (Madrid)	40.4603502,-3.6926738	Pº de la Castellana 160. 28046 Madrid	40.4579257,-3.6889917
17	49308	Paseo del Prado 18 y 20, 28014 Madrid	40.4133967,-3.694118	Paseo del Prado, 18-20	40.4132403,-3.6941106
4	46237	Paseo Infanta Isabel 1, 28014 Madrid	40.4086372,-3.6906168	Paseo Infanta Isabel, 1 – Madrid 28014	40.4086668,-3.6906518
0	48083	Ronda Músico Xosé Castiñeira n 26 , 27002 LUGO	42.99874,-7.54876	Ronda Músico Xosé Castiñeira n 26 , 27002 LUGO	42.99874,-7.54876
65	46243	Plaza San Juan de la Cruz s/n 28071 Madrid (Madrid)	40.441279,-3.6938415	Plaza San Juan de la Cruz s/n – Madrid 28071	40.4418079,-3.6935009
1099	1190	Paseo De la Castellana 44 28046 Madrid (Madrid)	40.4682265,-3.6889075	Pº. de la Castellana, 162 28046-Madrid	40.4583462,-3.6893745
44	47272	Calle Amador de los Ríos 8 28071 Madrid (Madrid)	40.4278021,-3.6910673	C/ Amador de los Ríos, 8 28010 - Madrid	40.4275233,-3.6914496
0	46108	C/ Pechuán, 1. 28002 Madrid	40.4445517,-3.6773893	C/ Pechuán, 1. 28002 Madrid	40.4445517,-3.6773893
10	1194	Paseo De la Castellana 160, 28046 Madrid	40.4579287,-3.6888691	Pº de la Castellana 160. 28046 Madrid	40.4579257,-3.6889917
44	47275	Calle Amador de los Ríos 8 28071 Madrid (Madrid)	40.4278021,-3.6910673	C/ Amador de los Ríos, 8 28010 - Madrid	40.4275233,-3.6914496
19	49324	Calle Almagro 33 28071 Madrid (Madrid)	40.4325031,-3.6917344	C/ Almagro, 33 – 5ª Planta 28010 - Madrid	40.4324921,-3.691962
4	49326	Paseo Infanta Isabel 1, 28014 Madrid	40.4086372,-3.6906168	Pº Infanta Isabel, 1 - 28014 Madrid	40.4086668,-3.6906518
7	49328	Avenida Gran Vía de San Francisco 4-6, 28005 Madrid	40.4077415,-3.7121846	Gran Vía de San Francisco, 4 – Madrid 28071	40.4077546,-3.7122717
65	49332	Plaza San Juan de la Cruz s/n 28071 Madrid (Madrid)	40.441279,-3.6938415	Plaza San Juan de la Cruz s/n - Madrid 28071	40.4418079,-3.6935009
102	49333	Plaza San Juan de la Cruz s/n 28071 Madrid (Madrid)	40.4408886,-3.6934286	Plaza San Juan de la Cruz s/n - Madrid 28071	40.4418079,-3.6935009
11	49336	Paseo De la Castellana 67 28071 Madrid (Madrid)	40.4435818,-3.6935795	Paseo de la Castellana 67, 28071 Madrid	40.4435346,-3.6936947
10	1211	Paseo De la Castellana 160, 28046 Madrid	40.4579287,-3.6888691	Pº de la Castellana 160. 28046 Madrid	40.4579257,-3.6889917
3501	1212	Paseo de la Castellana 183 28071 Madrid (Madrid)	40.4639201,-3.69017	Trafalgar 29 - 28010	40.4337086,-3.701799
12	46270	Calle JORGE JUAN 59 28001 Madrid (Madrid)	40.4237313,-3.6791034	C/ Jorge Juan, 59 - 28001 - MADRID	40.423729,-3.6792541
57	46272	Calle Tolosa Latour s/n 28041 Madrid (Madrid)	40.3768691,-3.7016584	Calle del Dr. Tolosa Latour, 7, 28041 Madrid	40.3763998,-3.7019413
0	48106	Avda. de Requejo, 23, 49012 ZAMORA	41.51004,-5.73693	Avda. de Requejo, 23, 49012 ZAMORA	41.51004,-5.73693
50	49352	Calle Alcala 5, 28014 Madrid	40.4174615,-3.7018516	Calle Alcala 9 28071 Madrid (Madrid)	40.4176193,-3.7012871
2	1200	Paseo De la Castellana 162, 28046 Madrid	40.4583429,-3.6893451	Pº. de la Castellana, 162 28046-Madrid	40.4583462,-3.6893745
10	1228	Calle Martín Fierro 5 28040 Madrid (Madrid)	40.4367195,-3.7322106	Calle Martín Fierro 5 28040 Madrid	40.4367474,-3.7323346
431	1232	Plaza Del Rey 1, 28004 Madrid	40.4202074,-3.6964252	Calle Tamayo y Baus 4 28004 Madrid (Madrid)	40.4228732,-3.6927288
1	1234	Plaza Del Rey 1, 28004 Madrid	40.4202074,-3.6964252	Plaza Del Rey 1 28004 Madrid	40.4202202,-3.6964334
1401	35748	Calle Ortega y Gasset 71 28006 Madrid (Madrid)	40.4299766,-3.6732946	C/ Marqués de Riscal, 16	40.4304403,-3.6898368
4	1238	Calle Santa Isabel 52, 28012 Madrid	40.4079189,-3.6945566	Calle Santa Isabel, 52 28012 Madrid	40.4079379,-3.6945986
14	1239	Paseo Recoletos 20-22 28071 Madrid (Madrid)	40.4234912,-3.6893974	Paseo Recoletos 20-22 28071 Madrid	40.4235178,-3.6895604
11	1240	Paseo De la Castellana 67 28071 Madrid (Madrid)	40.4435818,-3.6935795	Paseo de la Castellana 67, 28071 Madrid	40.4435346,-3.6936947
11	1241	Paseo De la Castellana 67 28071 Madrid (Madrid)	40.4435818,-3.6935795	Paseo de la Castellana 67, 28071 Madrid	40.4435346,-3.6936947
3259	49370	Calle Juan de Mena 4 28014 Madrid (Madrid)	40.4172138,-3.6912507	C/ Pechuán, 1. 28002 Madrid	40.4445517,-3.6773893
3	46299	Paseo de la Castellana 272 28071 Madrid (Madrid)	40.4737694,-3.6866869	Pº Castellana, 272	40.4737706,-3.6867269
2894	27868	Carretera de Ajalvir Km. 4 28850 Torrejón de Ardoz (Madrid)	40.4614925,-3.4804522	Carretera de Ajalvir, Km 4 Torrejón	40.4873947,-3.4772241
2867	1245	Calle Ruiz de Alarcón 1 28071 Madrid (Madrid)	40.4178196,-3.6913699	Paseo de la Castellana 67, 28071 Madrid	40.4435346,-3.6936947
11	1247	Paseo De la Castellana 67 28071 Madrid (Madrid)	40.4435818,-3.6935795	Paseo de la Castellana 67, 28071 Madrid	40.4435346,-3.6936947
11	1249	Paseo De la Castellana 67 28071 Madrid (Madrid)	40.4435818,-3.6935795	Paseo de la Castellana 67, 28071 Madrid	40.4435346,-3.6936947
2	46306	Paseo De la Castellana 162, 28046 Madrid	40.4583429,-3.6893451	Pº. de la Castellana, 162 28046-Madrid	40.4583462,-3.6893745
1413	1251	Calle General Ibañez de Íbero 3 28071 Madrid (Madrid)	40.4458348,-3.7101218	Paseo de la Castellana 67, 28071 Madrid	40.4435346,-3.6936947
4919	38	Calle Amador de los Ríos 7 28071 Madrid (Madrid)	40.4274463,-3.691341	C/ Josefa Valcarcel, 28 y 44 28071 - Madrid	40.4482923,-3.6400921
5831	1258	Calle Alfonso XII S/N 28071 Madrid (Madrid)	40.4131767,-3.6887904	Julián Camarillo, 30 - 28037 Madrid	40.4352404,-3.6263175
5	1259	Calle General Ibañez de Íbero 3 28071 Madrid (Madrid)	40.4458348,-3.7101218	C/ General Ibáñez de Ibero, 3. 28003 - Madrid	40.4458348,-3.7101883
77	1260	Calle Alfar 2 28760 Tres Cantos (Madrid)	40.595773,-3.696822	C/ Alfar, 2. 28760 - Tres Cantos - Madrid	40.5950753,-3.6967504
230	49362	Calle Alcalá 34 28014 Madrid (Madrid)	40.4180686,-3.6973894	Plaza Del Rey 6 28004 Madrid (Madrid)	40.4199586,-3.6962756
34	46320	Calle Josefa Valcárcel 44 28027 Madrid (Madrid)	40.4479842,-3.6400618	C/ Josefa Valcarcel, 28 y 44 28071 - Madrid	40.4482923,-3.6400921
17	49393	Paseo del Prado 18 y 20, 28014 Madrid	40.4133967,-3.694118	Paseo del Prado, 18-20	40.4132403,-3.6941106
2	1266	Calle Alcalá 9, 28014 Madrid	40.4176416,-3.7013019	Calle Alcala 9 28071 Madrid (Madrid)	40.4176193,-3.7012871
16	27891	Calle Huesca 31 28020 Madrid (Madrid)	40.4580506,-3.696157	C/ Huesca, 31. 28020 - MADRID	40.4580766,-3.696344
51	31753	Calle Campezo 1 28022 Madrid (Madrid)	40.4484024,-3.5818388	Calle Campezo 1 28022 Madrid	40.447938,-3.5818723
3465	49397	Calle PIO Baroja 6, 28009 Madrid	40.4139056,-3.6743363	C/ Alberto Aguilera, 15 Duplicado - 28015 - MADRID	40.4298077,-3.7095272
13	49398	Calle PIO Baroja 6, 28009 Madrid	40.4139056,-3.6743363	C/ Pío Baroja, 6 - 28009 - MADRID	40.4139171,-3.674496
80	44279	Paseo de la Castellana 183 28071 Madrid (Madrid)	40.4639201,-3.69017	Paseo de la Castellana, 183 (entrada por Estébanez Calderón, 2) 28071 - Madrid.	40.4636462,-3.691055
5	1272	Calle Panamá 1, 28036, Madrid, Comunidad Madrid, España	40.4567244,-3.6889892	C/ Panamá, 1	40.4567256,-3.6890582
14	1274	Calle María de Molina 50, 28006 Madrid	40.4372153,-3.6807443	C/ María de Molina, 50	40.437163,-3.6809054
59	1275	Paseo De la Castellana 162, 28046 Madrid	40.4583429,-3.6893451	C/ Alberto Alcocer, 2	40.4586557,-3.6887744
17	1276	Avenida General Perón 38 28020 Madrid (Madrid)	40.451884,-3.6927047	Avda. General Perón, 38	40.4519359,-3.692902
14	26666	Calle María de Molina 50, 28006 Madrid	40.4372153,-3.6807443	C/ María de Molina, 50	40.437163,-3.6809054
3241	1278	Calle Alcalá 9, 28014 Madrid	40.4176416,-3.7013019	C/ Guzmán el Bueno, 139	40.4454748,-3.712651
6	1283	Avenida Cardenal Herrera Oria 378 28071 Madrid (Madrid)	40.4765303,-3.7446241	Av del Cardenal Herrera Oria, 378, 28035 Madrid	40.4765183,-3.744701
12	1288	Calle Amador de los Ríos 7 28071 Madrid (Madrid)	40.4274463,-3.691341	C/ Amador de los Ríos, 7 28010 - Madrid	40.4275233,-3.6914496
12	1289	Calle Amador de los Ríos 7 28071 Madrid (Madrid)	40.4274463,-3.691341	C/ Amador de los Ríos, 7 28010 - Madrid	40.4275233,-3.6914496
10	1290	Calle Quintiliano 21 28002 Madrid (Madrid)	40.4398521,-3.6747384	C/ Quintiliano, 21 28002 - Madrid	40.4398983,-3.674845
12037	1291	Calle Amador de los Ríos 2 28071 Madrid (Madrid)	40.4269323,-3.6912443	C/ Cabo López Martínez S/N El Pardo 28048 - Madrid	40.5153422,-3.7732823
12	37133	Calle Sagasta 10 28004 Madrid (Madrid)	40.4284486,-3.7002598	C/ Sagasta, 10 -28004 - MADRID	40.4284013,-3.7003985
34	49426	Plaza Del Rey 6 28004 Madrid (Madrid)	40.4200512,-3.6958924	Plaza Del Rey 6 28004 Madrid (Madrid)	40.4199586,-3.6962756
399	1302	Calle Josefa Valcárcel 28 28027 Madrid (Madrid)	40.4491629,-3.6446758	C/ Josefa Valcarcel, 28 y 44 28071 - Madrid	40.4482923,-3.6400921
1054	1307	Calle San Bernardo 45, 28015 Madrid	40.4241396,-3.7076358	Calle Bolsa 8 28071 Madrid	40.4149294,-3.7046678
1685	1309	Calle San Bernardo 45, 28015 Madrid	40.4241396,-3.7076358	Calle Ayala 5 28001 Madrid	40.4279467,-3.6883634
45	1427	Calle Ginzo de Limia 58 28029 Madrid (Madrid)	40.4809399,-3.70435	Avda. de la Ilustración, s/n c/v a c/Ginzo de Limia, 58 28029 Madrid	40.4813205,-3.70416
4	1312	Calle San Bernardo 62 28071 Madrid (Madrid)	40.4259057,-3.7070242	Calle San Bernardo 62 28071 Madrid	40.4258924,-3.7070723
166	1313	Calle Plaza de Jacinto Benavente 3 28071 Madrid (Madrid)	40.4146872,-3.704507	Calle Plaza de Jacinto Benavente 3 28071 Madrid	40.4144673,-3.7025633
4	1314	Calle San Bernardo 21, 28015 Madrid	40.4226482,-3.7077512	Calle San Bernardo 21 28015 Madrid	40.4226667,-3.7078041
6	47396	Calle Benificiencia 8 28004 Madrid (Madrid)	40.4259384,-3.6995541	C/ Beneficencia, 8 - 28004 - Madrid	40.4259499,-3.6996332
10	48850	Julián Camarillo, 30, 28037 Madrid	40.4352015,-3.6264268	Julián Camarillo, 30 - 28037 Madrid	40.4352404,-3.6263175
11	1244	Paseo De la Castellana 67 28071 Madrid (Madrid)	40.4435818,-3.6935795	Paseo de la Castellana 67, 28071 Madrid	40.4435346,-3.6936947
11	41234	Calle Infanta Mercedes 37 28020 Madrid (Madrid)	40.4555445,-3.6986356	C/ Infanta Mercedes, 37	40.455583,-3.6987623
2774	46379	Calle Alcalá 9, 28014 Madrid	40.4176416,-3.7013019	C/ María de Molina, 50	40.437163,-3.6809054
10	46383	Paseo De la Castellana 160, 28046 Madrid	40.4579287,-3.6888691	Pº de la Castellana 160. 28046 Madrid	40.4579257,-3.6889917
10	46385	Paseo De la Castellana 160, 28046 Madrid	40.4579287,-3.6888691	Pº de la Castellana 160. 28046 Madrid	40.4579257,-3.6889917
11	1335	Calle Hernani 59 28020 Madrid (Madrid)	40.4481687,-3.6973538	Calle de Hernani, 59. Planta baja - Madrid 280201	40.4482095,-3.6974783
11	49469	Paseo De la Castellana 67 28071 Madrid (Madrid)	40.4435818,-3.6935795	Paseo de la Castellana 67, 28071 Madrid	40.4435346,-3.6936947
21	1344	Avda Portugal 81, 28011, Madrid, Comunidad Madrid, España	40.4140594,-3.7295857	Avda. Portugal, 81 - 28071 - MADRID	40.4141843,-3.7297731
26	49476	Paseo Castellana 109, 28046 Madrid	40.4555839,-3.691453	Paseo de la Castellana núm. 109 - 28071 Madrid	40.4556126,-3.6917607
6	37190	Calle Hermosilla 66 28001 Madrid (Madrid)	40.425947,-3.6791805	C/ Hermosilla, 66 - 28001 - MADRID	40.4259692,-3.6792495
2127	49479	Calle Cea Bermúdez 35-37 28071 Madrid (Madrid)	40.4387243,-3.7118179	C/ Amador de los Ríos, 7 28010 - Madrid	40.4275233,-3.6914496
0	1357	Avenida Puerta de Hierro S/N 28071 Madrid	40.4457993,-3.7347723	Avenida Puerta de Hierro S/N 28071 Madrid	40.4457993,-3.7347723
12	31117	Calle Amador de los Ríos 7 28071 Madrid (Madrid)	40.4274463,-3.691341	C/ Amador de los Ríos, 7 28010 - Madrid	40.4275233,-3.6914496
0	1360	Avenida Puerta de Hierro S/N 28071 Madrid	40.4457993,-3.7347723	Avenida Puerta de Hierro S/N 28071 Madrid	40.4457993,-3.7347723
8	1362	Calle Montalbán 8, 28014 Madrid	40.4178992,-3.690159	Calle Montalbán 8 28014 Madrid	40.4178786,-3.6902537
43	1363	Plaza Marina Española 9 28013 Madrid (Madrid)	40.4206389,-3.71244	Plaza Marina Española 9 28013 Madrid (Madrid)	40.4208423,-3.7120028
92	37204	Paseo de la Castellana 63 28071 Madrid (Madrid)	40.441416,-3.6919265	Paseo de la Castellana, 63 - 28046 - MADRID	40.4422092,-3.6922359
54	49721	Calle Bailén S/N, 28071, Madrid, Comunidad Madrid, España	40.417955,-3.714312	Calle Bailén S/N 28071 Madrid (Madrid)	40.418434, -3.714182
6	49580	Calle Poeta Joan Maragall 41 28071 Madrid (Madrid)	40.4603502,-3.6926738	C/ Poeta Joan Maragall, 41 - 28020, Madrid	40.4603328,-3.6927446
92	37209	Paseo de la Castellana 63 28071 Madrid (Madrid)	40.441416,-3.6919265	Paseo de la Castellana, 63 - 28046 - MADRID	40.4422092,-3.6922359
10	30042	Calle Martín Fierro 5 28040 Madrid (Madrid)	40.4367195,-3.7322106	Calle Martín Fierro 5 28040 Madrid	40.4367474,-3.7323346
4	26971	Calle Miguel Angel 25, 28071 Madrid	40.4369226,-3.6914243	Calle Miguel Ángel 25 28071 Madrid (Madrid)	40.4369469,-3.6914732
65	48479	Plaza San Juan de la Cruz s/n 28071 Madrid (Madrid)	40.441279,-3.6938415	Plaza San Juan de la Cruz s/n - Madrid 28071	40.4418079,-3.6935009
58	1424	Calle Génova 20 y 24 28004 Madrid (Madrid)	40.4263065,-3.6932359	C/ Génova, 20 y 24 - 28004 - MADRID	40.4259358,-3.6927505
65	48484	Plaza San Juan de la Cruz s/n 28071 Madrid (Madrid)	40.441279,-3.6938415	Plaza San Juan de la Cruz s/n - Madrid 28071	40.4418079,-3.6935009
506	1383	Avenida Monforte de Lemos 3 28071 Madrid (Madrid)	40.4751479,-3.6882748	C/ Monforte de Lemos 1, Pabellón 8. 28029 Madrid, España	40.4747169,-3.6942329
24	43580	Calle Guzmán el Bueno 139, 28003 Madrid	40.4454613,-3.7131352	Calle Guzmán el Bueno, 139 28003 Madrid	40.4454703,-3.7128423
19	48490	Calle Almagro 33 28071 Madrid (Madrid)	40.4325031,-3.6917344	C/ Almagro, 33 – 5ª Planta 28010 - Madrid	40.4324921,-3.691962
19	48492	Calle Almagro 33 28071 Madrid (Madrid)	40.4325031,-3.6917344	C/ Almagro, 33 – 5ª Planta 28010 - Madrid	40.4324921,-3.691962
1	30061	Plaza Del Rey 1, 28004 Madrid	40.4202074,-3.6964252	Plaza Del Rey 1 28071 Madrid	40.4202202,-3.6964334
7	48494	Avenida Gran Vía de San Francisco 4-6, 28005 Madrid	40.4077415,-3.7121846	Gran Vía de San Francisco, 4 – Madrid 28071	40.4077546,-3.7122717
4	49214	Calle Santa Isabel 52, 28012 Madrid	40.4079189,-3.6945566	Calle Santa Isabel, 52 28012 Madrid	40.4079379,-3.6945986
1	30070	Calle Tamayo y Baus 4 28004 Madrid (Madrid)	40.4228731,-3.6927134	Calle Tamayo y Baus 4 28004 Madrid (Madrid)	40.4228732,-3.6927288
4	48503	Paseo Infanta Isabel 1, 28014 Madrid	40.4086372,-3.6906168	Paseo Infanta Isabel, 1 – 28014 Madrid	40.4086668,-3.6906518
0	48097	C/ San Benito, 17, 42001 SORIA	41.76564,-2.47109	C/ San Benito, 17, 42001 SORIA	41.76564,-2.47109
12	31124	Calle Amador de los Ríos 7 28071 Madrid (Madrid)	40.4274463,-3.691341	C/ Amador de los Ríos, 7 28010 - Madrid	40.4275233,-3.6914496
4	48509	Paseo Infanta Isabel 1, 28014 Madrid	40.4086372,-3.6906168	Paseo Infanta Isabel, 1 – Madrid 28014	40.4086668,-3.6906518
4	48510	Paseo Infanta Isabel 1, 28014 Madrid	40.4086372,-3.6906168	Paseo Infanta Isabel, 1 – 28014 Madrid	40.4086668,-3.6906518
14	46463	Calle Cabo López Martínez s/n 28048 Madrid (Madrid)	40.515215,-3.7733054	C/ Cabo López Martínez S/N El Pardo 28048 - Madrid	40.5153422,-3.7732823
4	48512	Paseo Infanta Isabel 1, 28014 Madrid	40.4086372,-3.6906168	Paseo Infanta Isabel, 1 – Madrid 28014	40.4086668,-3.6906518
0	48080	C/ Sagasta, 2, 26001 LOGROÑO	42.46570,-2.44655	C/ Sagasta, 2, 26001 LOGROÑO	42.46570,-2.44655
4203	49540	Calle Fermín Caballero 66 28034 Madrid (Madrid)	40.4832186,-3.7104118	Calle Guzmán el Bueno, 139 28003 Madrid	40.4454703,-3.7128423
65	48517	Plaza San Juan de la Cruz s/n 28071 Madrid (Madrid)	40.441279,-3.6938415	Plaza San Juan de la Cruz s/n - Madrid 28071	40.4418079,-3.6935009
65	48518	Plaza San Juan de la Cruz s/n 28071 Madrid (Madrid)	40.441279,-3.6938415	Plaza San Juan de la Cruz s/n - Madrid 28071	40.4418079,-3.6935009
4	30091	Calle Santa Isabel 52, 28012 Madrid	40.4079189,-3.6945566	Calle Santa Isabel, 52 28012 Madrid	40.4079379,-3.6945986
11	48706	Paseo De la Castellana 67 28071 Madrid (Madrid)	40.4435818,-3.6935795	Paseo de la Castellana 67, 28071 Madrid	40.4435346,-3.6936947
1401	1422	Calle Ortega y Gasset 71 28006 Madrid (Madrid)	40.4299766,-3.6732946	C/ Marqués de Riscal, 16	40.4304403,-3.6898368
7	1423	Calle Condesa de Venadito 34 28027 Madrid (Madrid)	40.4463247,-3.6500352	C/ Condesa de Venadito, 34.28027 Madrid	40.4463061,-3.6501224
14	30096	Paseo Recoletos 20 22, 28071, Madrid, Comunidad Madrid, España	40.4234912,-3.6893974	Paseo Recoletos 20-22 28071 Madrid	40.4235178,-3.6895604
0	29073	Calle Romero Robledo, núm. 8 Madrid	40.4330023,-3.7197969	Calle Romero Robledo, núm. 8 Madrid	40.4330023,-3.7197969
19	1426	Calle Padre Damian 4 28071 Madrid (Madrid)	40.4535735,-3.6864384	C/ Padre Damián, 4 y 6- 28036-Madrid	40.4535156,-3.6862236
7	30099	Paseo Paseo del Prado 28 28014 Madrid (Madrid)	40.4119963,-3.6934161	Paseo Paseo del Prado 28 28014 Madrid	40.4120496,-3.6934657
35	1429	Calle Torrelaguna 73 28027 Madrid (Madrid)	40.4449205,-3.6552326	C/ Torrelaguna, 73 -28027- MADRID	40.4451573,-3.6555175
4904	1430	Calle Sagasta 10 28004 Madrid (Madrid)	40.4284486,-3.7002598	C/ Arturo Soria 126, EDIFICIO A	40.4505249,-3.6501065
0	48535	Edificio Torres Ágora. C/ Serrano Galvache, 26 28071 Madrid	40.4737364,-3.6718852	Edificio Torres Ágora. C/ Serrano Galvache, 26 28071 Madrid	40.4737364,-3.6718852
12	31128	Calle Amador de los Ríos 7 28071 Madrid (Madrid)	40.4274463,-3.691341	C/ Amador de los Ríos, 7 28010 - Madrid	40.4275233,-3.6914496
21	49903	Avda Portugal 81, 28011, Madrid, Comunidad Madrid, España	40.4140594,-3.7295857	Avda. Portugal, 81 - 28071 - MADRID	40.4141843,-3.7297731
1	30109	Plaza Del Rey 1, 28004 Madrid	40.4202074,-3.6964252	Plaza Del Rey 1 28004 Madrid	40.4202202,-3.6964334
10	48542	Paseo De la Castellana 160, 28046 Madrid	40.4579287,-3.6888691	Pº de la Castellana 160. 28046 Madrid	40.4579257,-3.6889917
7346	1439	Paseo de la Castellana 63 28071 Madrid (Madrid)	40.441416,-3.6919265	C/ Rafael Alberti, 18 - 28038 - MADRID	40.3881808,-3.6405816
4	49904	Calle Miguel Angel 25, 28071 Madrid	40.4369226,-3.6914243	Calle Miguel Ángel 25 28071 Madrid (Madrid)	40.4369469,-3.6914732
13	31138	Calle ALCALA 38-40 28014 Madrid (Madrid)	40.4183263,-3.6970518	C/ Alcalá, 38-40 28014 - Madrid	40.4183128,-3.6972047
1	30115	Plaza Del Rey 1, 28004 Madrid	40.4202074,-3.6964252	Plaza Del Rey 1 28004 Madrid	40.4202202,-3.6964334
2603	49572	Calle Alcalá 47 28014 Madrid (Madrid)	40.4192219,-3.6959774	Calle Edison 4 28006 Madrid (Madrid)	40.4394769,-3.6805778
412	49576	Calle Poeta Joan Maragall 41 28071 Madrid (Madrid)	40.4603502,-3.6926738	Pº de la Castellana 160. 28046 Madrid	40.4579257,-3.6889917
54	1450	Calle Bailén S/N 28071 Madrid (Madrid)	40.417955,-3.714312	Calle Bailén S/N 28071 Madrid (Madrid)	40.418434, -3.714182
166	48199	Calle Plaza de Jacinto Benavente 3 28071 Madrid (Madrid)	40.4146872,-3.704507	Calle Plaza de Jacinto Benavente 3 28071 Madrid	40.4144673,-3.7025633
0	29100	Avda John Lennon, s/n Getafe	40.3049058,-3.7088565	Avda John Lennon, s/n Getafe	40.3049058,-3.7088565
6	49581	Calle Poeta Joan Maragall 41 28071 Madrid (Madrid)	40.4603502,-3.6926738	C/ Poeta Joan Maragall, 41 - 28020, Madrid	40.4603328,-3.6927446
0	48558	C/ Pintor El Greco nº 4. 28040 Madrid	40.441718,-3.7356224	C/ Pintor El Greco nº 4. 28040 Madrid	40.441718,-3.7356224
14	48559	Calle María de Molina 50, 28006 Madrid	40.4372153,-3.6807443	C/ María de Molina, 50	40.437163,-3.6809054
17	49395	Paseo del Prado 18 y 20, 28014 Madrid	40.4133967,-3.694118	Paseo del Prado, 18-20	40.4132403,-3.6941106
3575	43444	Calle Uruguay 16 28016 Madrid (Madrid)	40.4548941,-3.6724537	Calle Guzmán el Bueno, 139 28003 Madrid	40.4454703,-3.7128423
0	48078	Avda. Pirineos, 17, 22004 HUESCA	42.14400,-0.41874	Avda. Pirineos, 17, 22004 HUESCA	42.14400,-0.41874
1	30139	Plaza Del Rey 1, 28004 Madrid	40.4202074,-3.6964252	Plaza Del Rey 1 28004 Madrid (Madrid)	40.4202202,-3.6964334
0	30143	Calle de Serrano, 115, 28006 Madrid	40.4408334,-3.687214	Calle de Serrano, 115, 28006 Madrid	40.4408334,-3.687214
0	28096	Calle Princesa núms. 32, 34, 36 - 28008 Madrid	40.4284118,-3.7146369	Calle Princesa núms. 32, 34, 36 - 28008 Madrid	40.4284118,-3.7146369
4	48577	Calle Alcalá 36 28014 Madrid (Madrid)	40.418288,-3.6972197	Calle Alcalá 36 28014 Madrid	40.4183138,-3.6972623
40	48578	Calle Vitruvio 4 28006 Madrid (Madrid)	40.442391,-3.6891577	Calle Vitruvio 4 28006 Madrid	40.4424148,-3.6896346
32	48060	Ronda del Pilar 8, 06004 Badajoz	38.8750482,-6.9717057	C/ Ronda del Pilar, 10, 06002 BADAJOZ	38.87522,-6.97140
14	30625	Calle María de Molina 50, 28006 Madrid	40.4372153,-3.6807443	C/ María de Molina, 50	40.437163,-3.6809054
3	1271	Paseo Castellana 272 28071 Madrid (Madrid)	40.4737694,-3.6866869	Pº Castellana, 272	40.4737706,-3.6867269
9	30157	Calle Alcalá 34 28014 Madrid (Madrid)	40.4180686,-3.6973894	Calle Alcalá 34 28014 Madrid	40.418018,-3.6974771
2	48592	Paseo De la Castellana 162, 28046 Madrid	40.4583429,-3.6893451	Pº. de la Castellana, 162 28046-Madrid	40.4583462,-3.6893745
2	48593	Paseo De la Castellana 162, 28046 Madrid	40.4583429,-3.6893451	Pº. de la Castellana, 162 28046-Madrid	40.4583462,-3.6893745
0	48089	C/ Ortega y Gasset, 7, 30009 MURCIA	38.01618,-1.1778	C/ Ortega y Gasset, 7, 30009 MURCIA	38.01618, -1.1778
0	28117	Palacio de Buenavista. Calle Prim, 6 28004 Madrid.	40.4217763,-3.6953152	Palacio de Buenavista. Calle Prim, 6 28004 Madrid.	40.4217763,-3.6953152
0	28118	Palacio de Buenavista. Calle Prim, 6 28004 Madrid.	40.4217763,-3.6953152	Palacio de Buenavista. Calle Prim, 6 28004 Madrid.	40.4217763,-3.6953152
2	49627	Calle Alcalá 9, 28014 Madrid	40.4176416,-3.7013019	Calle Alcala 9 28071 Madrid (Madrid)	40.4176193,-3.7012871
2	49628	Calle Alcalá 9, 28014 Madrid	40.4176416,-3.7013019	Calle Alcala 9 28071 Madrid (Madrid)	40.4176193,-3.7012871
1144	48608	Calle Salamanca 4 28020 Madrid (Madrid)	40.4540055,-3.7013709	Paseo de la Castellana, 147 28046 Madrid	40.4601861,-3.6905666
50	49633	Calle Alcala 5, 28014 Madrid	40.4174615,-3.7018516	Calle Alcala 9 28071 Madrid (Madrid)	40.4176193,-3.7012871
2	49634	Calle Alcalá 9, 28014 Madrid	40.4176416,-3.7013019	Calle Alcala 9 28071 Madrid (Madrid)	40.4176193,-3.7012871
2116	49403	Paseo de la Castellana 63 28071 Madrid (Madrid)	40.4422526,-3.6921924	C/ Hermosilla, 66 - 28001 - MADRID	40.4259692,-3.6792495
4	30182	Calle Torrelaguna 58, 28071 Madrid	40.4457392,-3.6550107	Calle Torrelaguna 58 28027 Madrid	40.4457351,-3.655064
4	30187	Calle Torrelaguna 58, 28071 Madrid	40.4457392,-3.6550107	Calle Torrelaguna 58 28071 Madrid	40.4457351,-3.655064
6	47599	Paseo De la Castellana 162, 28046 Madrid	40.4583429,-3.6893451	Pº Castellana, 162	40.4583152,-3.689406
2321	47601	Calle José Abascal 4 28003 Madrid (Madrid)	40.4384376,-3.7032098	Calle Alcala 9 28071 Madrid (Madrid)	40.4176193,-3.7012871
7	27731	Calle Rios Rosas 23 28003 Madrid (Madrid)	40.4423267,-3.6996497	Ríos Rosas, 23 28003 Madrid	40.4423537,-3.6997356
2538	49654	Calle Barquillo 5, 28004 Madrid	40.4197543,-3.695671	Calle Edison 4 28006 Madrid (Madrid)	40.4394769,-3.6805778
36	47610	Avda Manoteras 54, 28050, Madrid, Comunidad Madrid, España	40.48666765,-3.66082579839677	Avenida Manoteras 54 28050 Madrid	40.4869878,-3.6607495
10	31487	Calle San Bernardo 45, 28015 Madrid	40.4241396,-3.7076358	Calle San Bernardo 45 28071 Madrid	40.4240459,-3.7076727
36	47616	Avda Manoteras 54, 28050, Madrid, Comunidad Madrid, España	40.48666765,-3.66082579839677	Avenida Manoteras 54 28050 Madrid	40.4869878,-3.6607495
36	47617	Avda Manoteras 54, 28050, Madrid, Comunidad Madrid, España	40.48666765,-3.66082579839677	Avenida Manoteras 54 28050 Madrid	40.4869878,-3.6607495
3722	48642	Calle José Marañón 12, 29071, Madrid, Comunidad Madrid, España	40.4289647,-3.696776	Avenida Puerta de Hierro S/N 28071 Madrid	40.4457993,-3.7347723
699	1451	Calle JORGE JUAN 6 28071 Madrid (Madrid)	40.4235511,-3.6793177	Calle JORGE JUAN 6 28071 Madrid	40.4238092,-3.687576
14	49766	Calle María de Molina 50, 28006 Madrid	40.4372153,-3.6807443	C/ María de Molina, 50	40.437163,-3.6809054
26	48656	Avenida General Perón 40 28020 Madrid (Madrid)	40.4513855,-3.6922807	Avenida General Perón n.º 40, Portal B, 1ª planta. 28020	40.4513787,-3.6925894
26	48657	Avenida General Perón 40 28020 Madrid (Madrid)	40.4513855,-3.6922807	Avenida General Perón n.º 40, Portal B, 1ª planta. 28020	40.4513787,-3.6925894
26	48658	Avenida General Perón 40 28020 Madrid (Madrid)	40.4513855,-3.6922807	Avenida General Perón n.º 40, Portal B, 1ª planta. 28020	40.4513787,-3.6925894
26	48659	Avenida General Perón 40 28020 Madrid (Madrid)	40.4513855,-3.6922807	Avenida General Perón n.º 40, Portal B, 1ª planta. 28020	40.4513787,-3.6925894
6722	43546	Calle Almendrales 35 28026 Madrid (Madrid)	40.3858047,-3.7002173	Calle Guzmán el Bueno, 139 28003 Madrid	40.4454703,-3.7128423
10235	49701	Calle Alcalá 56, 28014 Madrid	40.4195431,-3.690349	Avda. de Cantabria 52. 28042 Madrid	40.4603604,-3.5819888
45	36912	Calle Ginzo de Limia 58 28029 Madrid (Madrid)	40.4809399,-3.70435	Avda. de la Ilustración, s/n c/v a c/Ginzo de Limia, 58 28029 Madrid	40.4813205,-3.70416
576	49415	Calle José Marañón 12 28010 Madrid (Madrid)	40.4289647,-3.696776	Paseo de la Castellana, 3	40.426372,-3.6908849
929	48684	C/ SERRANO, 115 BIS 28006 Madrid (Madrid)	40.448319,-3.683252	C/ SERRANO, 115 BIS 28006 Madrid	40.4406186,-3.6875184
30	49075	Calle Pedro Justo Dorado Dellmans 11 28040 Madrid (Madrid)	40.4479744,-3.7135932	C/ Pedro Justo Dorado Dellmans, 11 28040 Madrid	40.4482093,-3.7137738
11	30302	Paseo De la Castellana 67 28071 Madrid (Madrid)	40.4435818,-3.6935795	Paseo de la Castellana 67, 28071 Madrid	40.4435346,-3.6936947
41	30858	Calle Guzmán el Bueno 139, 28003 Madrid	40.4454613,-3.7131352	C/ Guzmán el Bueno, 139	40.4454748,-3.712651
17	31839	Paseo del Prado 18 y 20, 28014 Madrid	40.4133967,-3.694118	Paseo del Prado, 18-20	40.4132403,-3.6941106
6	47676	Calle Lérida 32-34 28020 Madrid (Madrid)	40.4541381,-3.7006317	C/ Lérida, 32 - 34	40.4540888,-3.7006666
6	47677	Calle Lérida 32-34 28020 Madrid (Madrid)	40.4541381,-3.7006317	C/ Lérida, 32 - 34	40.4540888,-3.7006666
6	47678	Calle Lérida 32-34 28020 Madrid (Madrid)	40.4541381,-3.7006317	C/ Lérida, 32 - 34	40.4540888,-3.7006666
0	48053	C/ Federico Tapia,54-3º, 15005 CORUÑA (A)	43.36203,-8.40677	C/ Federico Tapia,54-3º, 15005 CORUÑA (A)	43.36203,-8.40677
6	47680	Calle Lérida 32-34 28020 Madrid (Madrid)	40.4541381,-3.7006317	C/ Lérida, 32 - 34	40.4540888,-3.7006666
28	47681	Avenida Reyes Católicos 4 28071 Madrid (Madrid)	40.4380323,-3.7203751	Avenida Reyes Católicos 4 28071 Madrid	40.4381163,-3.720695
28	47682	Avenida Reyes Católicos 4 28071 Madrid (Madrid)	40.4380323,-3.7203751	Avenida Reyes Católicos 4 28071 Madrid	40.4381163,-3.720695
28	47683	Avenida Reyes Católicos 4 28071 Madrid (Madrid)	40.4380323,-3.7203751	Avenida Reyes Católicos 4 28071 Madrid	40.4381163,-3.720695
652	30277	Calle Alfonso XII S/N 28071 Madrid (Madrid)	40.4131767,-3.6887904	Alfonso XII, 3 y 5 - 28014 Madrid	40.4076343,-3.6862822
26	49734	Paseo Castellana 109, 28046 Madrid	40.4555839,-3.691453	Paseo de la Castellana, núm. 109 - 28071 Madrid	40.4556126,-3.6917607
8	30280	Antonio López, 81, 28026 Madrid	40.3929345,-3.7049173	Antonio López, 81 - 28026 Madrid	40.3930095,-3.7049289
33	30281	Paseo Bajo de la Virgen del Puerto, 3, 28005 Madrid	40.4124906,-3.72211	Paseo Bajo de la Virgen del Puerto, 3, 28005 Madrid	40.4122313,-3.7223131
0	48055	Avenida de España, 27, 02002 Albacete	38.98727,-1.85409	Avda. de España, 27, 02002 ALBACETE	38.98727,-1.85409
5	30285	Calle General Ibañez de Íbero 3 28071 Madrid (Madrid)	40.4458348,-3.7101218	C/ General Ibáñez de Ibero, 3. 28003 - Madrid	40.4458348,-3.7101883
77	30286	Calle Alfar 2 28760 Tres Cantos (Madrid)	40.595773,-3.696822	C/ Alfar, 2. 28760 - Tres Cantos - Madrid	40.5950753,-3.6967504
26	29263	Paseo Castellana 109, 28046 Madrid	40.4555839,-3.691453	Paseo de la Castellana núm. 109 - 28071 Madrid	40.4556126,-3.6917607
11	30288	Paseo De la Castellana 67 28071 Madrid (Madrid)	40.4435818,-3.6935795	Paseo de la Castellana 67, 28071 Madrid	40.4435346,-3.6936947
26	29266	Paseo Castellana 109, 28046 Madrid	40.4555839,-3.691453	Pº de la Castellana núm. 109 - 28071 Madrid	40.4556126,-3.6917607
26	29268	Paseo Castellana 109, 28046 Madrid	40.4555839,-3.691453	Paseo de la Castellana, 109 - 28071 Madrid	40.4556126,-3.6917607
4593	49749	Paseo del Prado 4, 28014 Madrid	40.4172375,-3.6945016	Pº. de la Castellana, 162 28046-Madrid	40.4583462,-3.6893745
3489	49257	Paseo de la Castellana 63 28071 Madrid (Madrid)	40.4422526,-3.6921924	C/ Pío Baroja, 6 - 28009 - MADRID	40.4139171,-3.674496
0	29274	Donoso Cortés, 92 - 28015 Madrid	40.4367253,-3.7172622	Donoso Cortés, 92 - 28015 Madrid	40.4367253,-3.7172622
26	29276	Paseo Castellana 109, 28046 Madrid	40.4555839,-3.691453	Paseo de la Castellana núm. 109 - 28071 Madrid	40.4556126,-3.6917607
1430	1320	Calle San Bernardo 45, 28015 Madrid	40.4241396,-3.7076358	Calle Marqués de Duero 4 28071 Madrid	40.4203442,-3.6915009
14	49758	Calle María de Molina 50, 28006 Madrid	40.4372153,-3.6807443	C/ María de Molina, 50	40.437163,-3.6809054
28	47714	Avenida Reyes Católicos 4 28071 Madrid (Madrid)	40.4380323,-3.7203751	Avenida Reyes Católicos 4 28071 Madrid	40.4381163,-3.720695
14	49763	Calle María de Molina 50, 28006 Madrid	40.4372153,-3.6807443	C/ María de Molina, 50	40.437163,-3.6809054
14	49765	Calle María de Molina 50, 28006 Madrid	40.4372153,-3.6807443	C/ María de Molina, 50	40.437163,-3.6809054
11	30310	Paseo De la Castellana 67 28071 Madrid (Madrid)	40.4435818,-3.6935795	Paseo de la Castellana 67, 28071 Madrid	40.4435346,-3.6936947
14	49767	Calle María de Molina 50, 28006 Madrid	40.4372153,-3.6807443	C/ María de Molina, 50	40.437163,-3.6809054
11	30312	Paseo De la Castellana 67 28071 Madrid (Madrid)	40.4435818,-3.6935795	Paseo de la Castellana 67, 28071 Madrid	40.4435346,-3.6936947
11	30313	Paseo De la Castellana 67 28071 Madrid (Madrid)	40.4435818,-3.6935795	Paseo de la Castellana 67, 28071 Madrid	40.4435346,-3.6936947
11	30314	Paseo De la Castellana 67 28071 Madrid (Madrid)	40.4435818,-3.6935795	Paseo de la Castellana 67, 28071 Madrid	40.4435346,-3.6936947
4	31401	Calle San Bernardo 21, 28015 Madrid	40.4226482,-3.7077512	Calle San Bernardo 21 28015 Madrid	40.4226667,-3.7078041
11	30317	Paseo De la Castellana 67 28071 Madrid (Madrid)	40.4435818,-3.6935795	Paseo de la Castellana 67, 28071 Madrid	40.4435346,-3.6936947
4	48750	Calle Torrelaguna 58, 28071 Madrid	40.4457392,-3.6550107	Calle Torrelaguna 58 28071 Madrid	40.4457351,-3.655064
14	49768	Calle María de Molina 50, 28006 Madrid	40.4372153,-3.6807443	C/ María de Molina, 50	40.437163,-3.6809054
4609	1061	Plaza Juan XXIII 26 28071 Madrid (Madrid)	40.4481602,-3.716387	Calle de Atocha, 106. 28012 - Madrid	40.4100727,-3.6949259
11	30324	Paseo De la Castellana 67 28071 Madrid (Madrid)	40.4435818,-3.6935795	Paseo de la Castellana 67, 28071 Madrid	40.4435346,-3.6936947
14	49769	Calle María de Molina 50, 28006 Madrid	40.4372153,-3.6807443	C/ María de Molina, 50	40.437163,-3.6809054
2867	30331	Calle Ruiz de Alarcón 1 28071 Madrid (Madrid)	40.4178196,-3.6913699	Paseo de la Castellana 67, 28071 Madrid	40.4435346,-3.6936947
72	48099	Avda José Manuel Guimerá 8, 38003 Santa Cruz Tenerife	28.4614573,-16.2507718	Av José Manuel Guimerá N-8 , 38003 SANTA CRUZ DE TENERIFE	28.46208,-16.2510
12	37508	Calle JORGE JUAN 59 28001 Madrid (Madrid)	40.4237313,-3.6791034	C/ Jorge Juan, 59 - 28001 - MADRID	40.423729,-3.6792541
14	49770	Calle María de Molina 50, 28006 Madrid	40.4372153,-3.6807443	C/ María de Molina, 50	40.437163,-3.6809054
0	48065	Avda. de España, 14, 10001 CACERES	39.47089,-6.37815	Avda. de España, 14, 10001 CACERES	39.47089,-6.37815
7	37514	Paseo Del Prado 28 28014 Madrid (Madrid)	40.4119963,-3.6934161	Paseo Del Prado 28 28014 Madrid (Madrid)	40.4120496,-3.6934657
7	35756	Calle Condesa de Venadito 34 28027 Madrid (Madrid)	40.4463247,-3.6500352	C/ Condesa de Venadito, 34.28027 Madrid	40.4463061,-3.6501224
11	30348	Paseo De la Castellana 67 28071 Madrid (Madrid)	40.4435818,-3.6935795	Paseo de la Castellana 67, 28071 Madrid	40.4435346,-3.6936947
3748	27074	Calle Santa Engracia 7 28010 Madrid (Madrid)	40.4290185,-3.6963731	Avenida Puerta de Hierro S/N 28071 Madrid	40.4457993,-3.7347723
44	48782	Calle Rafael Alberti 18, 28038, Madrid, Comunidad Madrid, España	40.388453,-3.6402016	C/ Rafael Alberti, 18 - 28038 - MADRID	40.3881808,-3.6405816
11	37520	Calle Alberto Aguilera 15 duplicado 28015 Madrid (Madrid)	40.4297327,-3.7094414	C/ Alberto Aguilera, 15 Duplicado - 28015 - MADRID	40.4298077,-3.7095272
13	37523	Calle PIO Baroja 6, 28009 Madrid	40.4139056,-3.6743363	C/ Pío Baroja, 6 - 28009 - MADRID	40.4139171,-3.674496
0	48075	C/ Carmen, 2, 19001 GUADALAJARA	40.63201,-3.16615	C/ Carmen, 2, 19001 GUADALAJARA	40.63201,-3.16615
2	49945	Paseo De la Castellana 162, 28046 Madrid	40.4583429,-3.6893451	Pº. de la Castellana, 162 28046-Madrid	40.4583462,-3.6893745
1413	30360	Calle General Ibañez de Íbero 3 28071 Madrid (Madrid)	40.4458348,-3.7101218	Paseo de la Castellana 67, 28071 Madrid	40.4435346,-3.6936947
1413	30362	Calle General Ibañez de Íbero 3 28071 Madrid (Madrid)	40.4458348,-3.7101218	Paseo de la Castellana 67, 28071 Madrid	40.4435346,-3.6936947
1413	30363	Calle General Ibañez de Íbero 3 28071 Madrid (Madrid)	40.4458348,-3.7101218	Paseo de la Castellana 67, 28071 Madrid	40.4435346,-3.6936947
5	1386	Calle Alcalá 56, 28014 Madrid	40.4195431,-3.690349	c/ Alcalá 56. 28014 Madrid	40.4195785,-3.6903966
4	31390	Calle San Bernardo 62 28071 Madrid (Madrid)	40.4259057,-3.7070242	Calle San Bernardo 62 28071 Madrid	40.4258924,-3.7070723
34	30370	Calle Josefa Valcárcel 11 28027 Madrid (Madrid)	40.4487329,-3.6473632	C/ Josefa Valcárcel, 11	40.4489692,-3.6470955
0	48070	Avenida de Rey Santo 2, 13001 Ciudad Real	38.98296,-3.92888	Avda. Rey Santo, 2, 13001 CIUDAD REAL	38.98296,-3.92888
4	31398	Calle Ocaña 157 28071 Madrid (Madrid)	40.3871101,-3.754074	Calle Ocaña 157 28071 Madrid	40.3871144,-3.7541303
7	1425	Calle Astros 5-7 28007 Madrid (Madrid)	40.4117689,-3.668548	C/ Astros, 5 y 7-28007 - MADRID	40.4117424,-3.6686346
1306	30559	Calle Alcalá 9, 28014 Madrid	40.4176416,-3.7013019	Paseo de la Castellana, 3	40.4263171,-3.6909063
0	31403	Calle de Fortuny, 4, 28010 Madrid	40.4285603,-3.6908869	Calle de Fortuny, 4, 28010 Madrid	40.4285603,-3.6908869
4	31404	Calle San Bernardo 21, 28015 Madrid	40.4226482,-3.7077512	Calle San Bernardo 21 28015 Madrid	40.4226667,-3.7078041
27876	49838	Carretera de la Sierra s/n 28048 Madrid (Madrid)	40.5727984,-3.7872306	Carretera de Ajalvir, Km 4 Torrejón	40.4873947,-3.4772241
10	31347	Calle San Bernardo 45, 28015 Madrid	40.4241396,-3.7076358	Calle San Bernardo 45 28071 Madrid	40.4240459,-3.7076727
0	48073	Avda. Josep Tarrad. i Joan, 3, 17006 GIRONA	41.97973,2.810871	Avda. Josep Tarrad. i Joan, 3, 17006 GIRONA	41.97973,2.810871
11	49849	Paseo De la Castellana 162, 28046 Madrid	40.4583429,-3.6893451	Pº. de la Castellana, 162	40.4583267,-3.6894833
551	48827	CTRA. DE CAMPO REAL KM 0,200 LA POVEDA 28500 Arganda del Rey (Madrid)	40.3164968,-3.4814268	CTRA. DE CAMPO REAL KM 0,200 LA POVEDA 28500 Arganda del Rey	40.3131292,-3.4862027
0	48067	Avda. Calvo Sotelo, 8, 39002 SANTANDER	43.46123,-3.80872	Avda. Calvo Sotelo, 8, 39002 SANTANDER	43.46123,-3.80872
12	48464	Calle Amador de los Ríos 7 28071 Madrid (Madrid)	40.4274463,-3.691341	C/ Amador de los Ríos, 7 28010 - Madrid	40.4275233,-3.6914496
22148	47811	Calle de Serrano, 117, 28006 Madrid	40.4412398,-3.6863111	CTRA. DE CAMPO REAL KM 0,200 LA POVEDA 28500 Arganda del Rey	40.3131292,-3.4862027
13	49441	Calle PIO Baroja 6, 28009 Madrid	40.4139056,-3.6743363	C/ Pío Baroja, 6 - 28009 - MADRID	40.4139171,-3.674496
13	27596	Calle de Serrano, 117, 28006 Madrid	40.4412398,-3.6863111	Serrano, 117 28006 Madrid	40.4412987,-3.6864479
2	1198	Paseo De la Castellana 162, 28046 Madrid	40.4583429,-3.6893451	Pº. de la Castellana, 162 28046-Madrid	40.4583462,-3.6893745
847	46799	Autovía de Colmenar Viejo, km. 18,2 - 28760 El Goloso (Madrid)	40.5555043,-3.7094297	Autovía de Colmenar Viejo, km. 18,2 - 28760 El Goloso (Madrid)	40.5629486,-3.7115839
11	49872	Paseo De la Castellana 162, 28046 Madrid	40.4583429,-3.6893451	Pº. de la Castellana, 162	40.4583267,-3.6894833
11	49876	Paseo De la Castellana 162, 28046 Madrid	40.4583429,-3.6893451	Pº. de la Castellana, 162	40.4583267,-3.6894833
125	48853	Calle Amador de los Ríos 7 28071 Madrid (Madrid)	40.4274463,-3.691341	Paseo de la Castellana, 5 28046 - Madrid	40.4264136,-3.6907468
14	1051	Calle María de Molina 50, 28006 Madrid	40.4372153,-3.6807443	C/ María de Molina, 50	40.437163,-3.6809054
42	45791	Avda Juan de Herrera 2, 28040, Madrid, Comunidad Madrid, España	40.44012545,-3.72883789598223	Av. Juan de Herrera, 2 (28040) Madrid	40.4399005,-3.7292481
4	27600	Calle de Serrano, 117, 28006 Madrid	40.4412398,-3.6863111	Serrano, 117 28006 Madrid	40.4412462,-3.6863671
12	31465	Calle Marqués de Duero 4 28071 Madrid (Madrid)	40.4202943,-3.6913723	Calle Marqués de Duero 4 28071 Madrid	40.4203442,-3.6915009
6	49296	Paseo de la Castellana 63 28071 Madrid (Madrid)	40.4422526,-3.6921924	Paseo de la Castellana, 63 - 28046 - MADRID	40.4422092,-3.6922359
41	49901	Calle Guzmán el Bueno 139, 28003 Madrid	40.4454613,-3.7131352	C/ Guzmán el Bueno, 139	40.4454748,-3.712651
27	49902	Paseo De la Castellana 75, 28071 Madrid	40.447429,-3.6932527	Paseo de la Castellana, 75 - 28046 MADRID	40.4476311,-3.6934366
9	49789	Plaza Sagrados Corazones 7 28071 Madrid (Madrid)	40.4513525,-3.6859588	Plaza de los Sagrados Corazones, nº. 7. 28036 Madrid	40.4513836,-3.6860582
77	49905	Calle Alfar 2 28760 Tres Cantos (Madrid)	40.595773,-3.696822	C/ Alfar, 2. 28760 - Tres Cantos - Madrid	40.5950753,-3.6967504
51	49194	Calle Campezo 1 28022 Madrid (Madrid)	40.4484024,-3.5818388	Calle Campezo 1 28022 Madrid	40.447938,-3.5818723
27	1150	Paseo De la Castellana 75, 28071 Madrid	40.447429,-3.6932527	Paseo de la Castellana, 75 - 28046 MADRID	40.4476311,-3.6934366
550	49910	Calle Santa Engracia 7 28071 Madrid (Madrid)	40.4290185,-3.6963731	Paseo de la Castellana, 3	40.426372,-3.6908849
0	48103	Av.Marqués de Sotelo 8 y 10, 46002 VALENCIA	39.46852,-0.37708	Av.Marqués de Sotelo 8 y 10, 46002 VALENCIA	39.46852,-0.37708
0	48084	C/ Salmerón, 14-16, 25004 LLEIDA	41.62084,0.627003	C/ Salmerón, 14-16, 25004 LLEIDA	41.62084,0.627003
412	49920	Calle Poeta Joan Maragall 41 28020 Madrid (Madrid)	40.4603502,-3.6926738	Pº de la Castellana 160. 28046 Madrid	40.4579257,-3.6889917
12	1287	Calle Amador de los Ríos 7 28071 Madrid (Madrid)	40.4274463,-3.691341	C/ Amador de los Ríos, 7 28010 - Madrid	40.4275233,-3.6914496
1914	49963	Avenida General Perón 38 28071 Madrid (Madrid)	40.4519519,-3.6924868	C/ María de Molina, 50	40.437163,-3.6809054
4	50041	Calle San Bernardo 21, 28015 Madrid	40.4226482,-3.7077512	Calle San Bernardo 21 28015 Madrid	40.4226667,-3.7078041
2	48598	Paseo De la Castellana 162, 28046 Madrid	40.4583429,-3.6893451	Pº. de la Castellana, 162 28046-Madrid	40.4583462,-3.6893745
4	49928	Paseo Infanta Isabel 1, 28014 Madrid	40.4086372,-3.6906168	Paseo Infanta Isabel, 1 – 28014 Madrid	40.4086668,-3.6906518
6	27436	Calle Benificiencia 8 28004 Madrid (Madrid)	40.4259384,-3.6995541	C/ Beneficencia, 8 - 28004 - Madrid	40.4259499,-3.6996332
54	37654	Calle Bailén S/N, 28071, Madrid, Comunidad Madrid, España	40.417955,-3.714312	Calle Bailén S/N 28071 Madrid (Madrid)	40.418434, -3.714182
2	49944	Paseo De la Castellana 162, 28046 Madrid	40.4583429,-3.6893451	Pº. de la Castellana, 162 28046-Madrid	40.4583462,-3.6893745
28	48921	Avenida Reyes Católicos 4 28040 Madrid (Madrid)	40.4380323,-3.7203751	Avenida Reyes Católicos 4 28071 Madrid	40.4381163,-3.720695
2	49948	Paseo De la Castellana 162, 28046 Madrid	40.4583429,-3.6893451	Pº. de la Castellana, 162 28046-Madrid	40.4583462,-3.6893745
0	48090	C/ Conde Oliveto, 7, 31003 PAMPLONA/IRUÑA	42.81255,-1.64431	C/ Conde Oliveto, 7, 31003 PAMPLONA/IRUÑA	42.81255,-1.64431
8	31365	Calle Ayala 5 28001 Madrid (Madrid)	40.4280171,-3.6883153	Calle Ayala 5 28001 Madrid	40.4279467,-3.6883634
6	30544	Avenida Cardenal Herrera Oria 378 28071 Madrid (Madrid)	40.4765303,-3.7446241	Av del Cardenal Herrera Oria, 378, 28035 Madrid	40.4765183,-3.744701
2337	45858	Plaza De la Provincia 1 28071 Madrid (Madrid)	40.4265434,-3.6916235	C/ Pechuán, 1. 28002 Madrid	40.4445517,-3.6773893
1352	49955	Calle Alcala 5, 28014 Madrid	40.4174615,-3.7018516	Paseo de la Castellana, 3	40.4263171,-3.6909063
3	49957	Calle Alberto Bosch 16, 28014 Madrid	40.4133587,-3.689281	C/ Alberto Bosch, 16	40.4133481,-3.6893233
223	46886	Avenida Computense 40 28071 Madrid (Madrid)	40.4551872,-3.7266839	Centro de la Moncloa Complutense, 40 28040	40.4540526,-3.7288622
14	49959	Calle María de Molina 50, 28006 Madrid	40.4372153,-3.6807443	C/ María de Molina, 50	40.437163,-3.6809054
163	31806	Avenida Monforte de Lemos 3 28071 Madrid (Madrid)	40.4751479,-3.6882748	Campus de Chamartín: C/ Sinesio Delgado, 4 (entrada por Avda. Monforte de Lemos, 5, 28029 Madrid	40.4754759,-3.6901553
4723	49965	Calle Alcalá 34 28014 Madrid (Madrid)	40.4180686,-3.6973894	Calle Torrelaguna 58 28027 Madrid	40.4457351,-3.655064
1	49967	Plaza Del Rey 1, 28004 Madrid	40.4202074,-3.6964252	Plaza Del Rey 1 28004 Madrid	40.4202202,-3.6964334
0	48079	C/ Fuente de Buenora, 7, 23006 JAEN	37.78095,-3.80556	C/ Fuente de Buenora, 7, 23006 JAEN	37.78095,-3.80556
3538	49969	Plaza Del Rey 1, 28004 Madrid	40.4202074,-3.6964252	Av. Juan de Herrera, 2 (28040) Madrid	40.4399005,-3.7292481
10	49971	Paseo De la Castellana 160, 28046 Madrid	40.4579287,-3.6888691	Pº de la Castellana 160. 28046 Madrid	40.4579257,-3.6889917
4	49973	Paseo Infanta Isabel 1, 28014 Madrid	40.4086372,-3.6906168	Paseo Infanta Isabel, 1 – Madrid 28014	40.4086668,-3.6906518
11	40758	Calle Infanta Mercedes 37 28020 Madrid (Madrid)	40.4555445,-3.6986356	C/ Infanta Mercedes, 37	40.455583,-3.6987623
94	49975	Complejo de la Moncloa, Avenida Puerta de Hierro, S/N, 28071 Madrid	40.4464571,-3.7340666	Avenida Puerta de Hierro S/N 28071 Madrid	40.4457993,-3.7347723
5	40762	Calle Santa María Magdalena 16 28016 Madrid (Madrid)	40.4627493,-3.6702392	C/ Santa Mª Magdalena, 16	40.462701,-3.6702459
0	49979	Avenida Puerta de Hierro S/N 28071 Madrid	40.4457993,-3.7347723	Avenida Puerta de Hierro S/N 28071 Madrid	40.4457993,-3.7347723
0	49981	Avenida Puerta de Hierro S/N 28071 Madrid	40.4457993,-3.7347723	Avenida Puerta de Hierro S/N 28071 Madrid	40.4457993,-3.7347723
0	48076	Hermanos Otamendi, 13, 20014 DONOSTIA-SAN SEBASTIAN	43.30867,-1.97077	Hermanos Otamendi, 13, 20014 DONOSTIA-SAN SEBASTIAN	43.30867,-1.97077
2	49983	Paseo De la Castellana 162, 28046 Madrid	40.4583429,-3.6893451	Pº. de la Castellana, 162 28046-Madrid	40.4583462,-3.6893745
0	48096	C/ Pablo Picasso, nº 8, 41018 SEVILLA	37.38976,-5.97526	C/ Pablo Picasso, nº 8, 41018 SEVILLA	37.38976,-5.97526
0	48609	Paseo de la Castellana, 147 28046 Madrid	40.4601861,-3.6905666	Paseo de la Castellana, 147 28046 Madrid	40.4601861,-3.6905666
7	48968	Calle San Enrique 26 28020 Madrid (Madrid)	40.4558857,-3.6994077	Calle San Enrique, 26 28020 Madrid	40.4559129,-3.6994841
24	40777	Calle Guzmán el Bueno 139, 28003 Madrid	40.4454613,-3.7131352	Calle Guzmán el Bueno, 139 28003 Madrid	40.4454703,-3.7128423
4	47946	Paseo Infanta Isabel 1, 28014 Madrid	40.4086372,-3.6906168	Paseo Infanta Isabel, 1 – 28014 Madrid	40.4086668,-3.6906518
4	47948	Paseo Infanta Isabel 1, 28014 Madrid	40.4086372,-3.6906168	Paseo Infanta Isabel, 1 – Madrid 28014	40.4086668,-3.6906518
252	49293	Calle Alcalá 34 28014 Madrid (Madrid)	40.4180686,-3.6973894	Plaza Plaza del Rey 1 28004 Madrid	40.4202202,-3.6964334
65	47952	Plaza San Juan de la Cruz s/n 28071 Madrid (Madrid)	40.441279,-3.6938415	Plaza San Juan de la Cruz s/n - Madrid 28071	40.4418079,-3.6935009
7	27473	Avenida Gran Vía de San Francisco 4-6, 28005 Madrid	40.4077415,-3.7121846	C/ Gran Vía de San Francisco, 4 y 6 - Madrid-28005	40.4077546,-3.7122717
4	27480	Paseo Infanta Isabel 1, 28014 Madrid	40.4086372,-3.6906168	Pº. Infanta Isabel, 1 Dpcho B.37 – Madrid 28014	40.4086668,-3.6906518
11	40794	Calle Infanta Mercedes 37 28020 Madrid (Madrid)	40.4555445,-3.6986356	C/ Infanta Mercedes, 37	40.455583,-3.6987623
1109	1167	Paseo Castellana 109, 28046 Madrid	40.4555839,-3.691453	C/ Joaquín Costa, 6 28071-MADRID.	40.4458588,-3.688523
0	37161	C/ Arturo Soria 126, EDIFICIO A	40.4505249,-3.6501065	C/ Arturo Soria 126, EDIFICIO A	40.4505249,-3.6501065
13	47966	Calle Alcala 38 28071 Madrid (Madrid)	40.4183263,-3.6970518	C/ Alcalá, 38-40 28014 - Madrid	40.4183128,-3.6972047
6	50015	Paseo De la Castellana 162, 28046 Madrid	40.4583429,-3.6893451	Pº Castellana, 162	40.4583152,-3.689406
10	29796	Paseo De la Castellana 160, 28046 Madrid	40.4579287,-3.6888691	Pº de la Castellana 160. 28046 Madrid	40.4579257,-3.6889917
1306	30563	Calle Alcalá 9, 28014 Madrid	40.4176416,-3.7013019	Paseo de la Castellana, 3	40.4263171,-3.6909063
4	27495	Paseo Infanta Isabel 1, 28014 Madrid	40.4086372,-3.6906168	Paseo Infanta Isabel, 1 – 28014 Madrid	40.4086668,-3.6906518
0	48107	Camino de las Torres, 22, 50008 ZARAGOZA	41.64550,-0.87615	Camino de las Torres, 22, 50008 ZARAGOZA	41.64550,-0.87615
5	40821	Calle Santa María Magdalena 16 28016 Madrid (Madrid)	40.4627493,-3.6702392	C/ Santa Mª Magdalena, 16	40.462701,-3.6702459
2	47990	Paseo De la Castellana 162, 28046 Madrid	40.4583429,-3.6893451	Pº. de la Castellana, 162 28046-Madrid	40.4583462,-3.6893745
10	49300	Paseo De la Castellana 160, 28046 Madrid	40.4579287,-3.6888691	Pº de la Castellana 160. 28046 Madrid	40.4579257,-3.6889917
4	47994	Calle San Bernardo 21, 28015 Madrid	40.4226482,-3.7077512	Calle San Bernardo 21 28015 Madrid	40.4226667,-3.7078041
94	50045	Complejo de la Moncloa, Avenida Puerta de Hierro, S/N, 28071 Madrid	40.4464571,-3.7340666	Avenida Puerta de Hierro S/N 28071 Madrid	40.4457993,-3.7347723
17	31812	Paseo del Prado 18 y 20, 28014 Madrid	40.4133967,-3.694118	Paseo del Prado, 18-20	40.4132403,-3.6941106
2	30593	Calle Alcalá 9, 28014 Madrid	40.4176416,-3.7013019	Calle Alcala 9 28071 Madrid (Madrid)	40.4176193,-3.7012871
3	49131	Calle Alberto Bosch 16, 28014 Madrid	40.4133587,-3.689281	C/ Alberto Bosch, 16	40.4133481,-3.6893233
65	45958	Plaza San Juan de la Cruz s/n 28071 Madrid (Madrid)	40.441279,-3.6938415	Plaza San Juan de la Cruz s/n – Madrid 28071	40.4418079,-3.6935009
26	49031	Calle de Alfonso XII 3, 28014 Madrid	40.4078464,-3.6861369	Alfonso XII, 3 y 5 - 28014 Madrid	40.4076343,-3.6862822
692	48010	Calle Los Madrazo 15-17 28014 Madrid (Madrid)	40.4176735,-3.6969684	Paseo Del Prado 28 28014 Madrid (Madrid)	40.4120496,-3.6934657
6	30608	Paseo De la Castellana 162, 28046 Madrid	40.4583429,-3.6893451	Pº Castellana, 162	40.4583152,-3.689406
26	29586	Paseo Castellana 109, 28046 Madrid	40.4555839,-3.691453	Pº de la Castellana, 109 - 28071 Madrid	40.4556126,-3.6917607
59	30611	Paseo De la Castellana 162, 28046 Madrid	40.4583429,-3.6893451	C/ Alberto Alcocer, 2	40.4586557,-3.6887744
58	30987	Calle Josefa Valcárcel 28 28027 Madrid (Madrid)	40.4491629,-3.6446758	C/ Josefa Valcárcel, 28 28027 - Madrid	40.4486374,-3.6446413
11	49050	Calle Isaac Peral 20 28015 Madrid (Madrid)	40.4367495,-3.7178814	C/ Isaac Peral nº 20-32 - 28015 Madrid	40.4367925,-3.7180069
14	30620	Calle María de Molina 50, 28006 Madrid	40.4372153,-3.6807443	C/ María de Molina, 50	40.437163,-3.6809054
11	49053	Calle Isaac Peral 20 28015 Madrid (Madrid)	40.4367495,-3.7178814	C/ Isaac Peral nº 20-32 - 28015 Madrid	40.4367925,-3.7180069
10	29598	Paseo De la Castellana 160, 28046 Madrid	40.4579287,-3.6888691	Pº de la Castellana 160. 28046 Madrid	40.4579257,-3.6889917
8	31647	Calle Montalbán 8, 28014 Madrid	40.4178992,-3.690159	Calle Montalbán 8 28014 Madrid	40.4178786,-3.6902537
8	31648	Calle Montalbán 8, 28014 Madrid	40.4178992,-3.690159	Calle Montalbán 8 28014 Madrid	40.4178786,-3.6902537
8	31649	Calle Montalbán 8, 28014 Madrid	40.4178992,-3.690159	Calle Montalbán 8 28014 Madrid	40.4178786,-3.6902537
8	31650	Calle Montalbán 8, 28014 Madrid	40.4178992,-3.690159	Calle Montalbán 8 28014 Madrid	40.4178786,-3.6902537
14	30628	Calle María de Molina 50, 28006 Madrid	40.4372153,-3.6807443	C/ María de Molina, 50	40.437163,-3.6809054
26	49061	Paseo Castellana 109, 28046 Madrid	40.4555839,-3.691453	Pº de la Castellana, 109 - 28071 Madrid.	40.4556126,-3.6917607
43	31654	Plaza Marina Española 9 28013 Madrid (Madrid)	40.4206389,-3.71244	Plaza Marina Española 9 28013 Madrid (Madrid)	40.4208423,-3.7120028
3306	30636	Plaza de la Provincia 1, 28012 Madrid	40.41436725,-3.70597515276898	C/ María de Molina, 50	40.437163,-3.6809054
94	31662	Complejo de la Moncloa, Avenida Puerta de Hierro, S/N, 28071 Madrid	40.4464571,-3.7340666	Avenida Puerta de Hierro S/N 28071 Madrid	40.4457993,-3.7347723
2537	30643	Paseo del Prado 6, 28014, Madrid, Comunidad Madrid, España	40.416929,-3.6947426	Paseo del Prado, 6 28014 Madrid	40.437163,-3.6809054
2794	47204	Calle Núñez de Balboa 116 28006 Madrid (Madrid)	40.4371966,-3.6816738	Calle Guzmán el Bueno, 139 28003 Madrid	40.4454703,-3.7128423
4709	27071	Calle Claudio Coello 31 28071 Madrid (Madrid)	40.4243463,-3.686817	Avenida Puerta de Hierro S/N 28071 Madrid	40.4457993,-3.7347723
0	48054	C/ Duque de Wellington, 31, 01010 VITORIA-GASTEIZ	42.86587,-2.69673	C/ Duque de Wellington, 31, 01010 VITORIA-GASTEIZ	42.86587,-2.69673
7	48969	Calle San Enrique 26 28020 Madrid (Madrid)	40.4558857,-3.6994077	Calle San Enrique, 26 28020 Madrid	40.4559129,-3.6994841
0	48056	C/ Enriqueta Ortega, 2, 03005 ALICANTE/ALACANT	38.34661,-0.49468	C/ Enriqueta Ortega, 2, 03005 ALICANTE/ALACANT	38.34661,-0.49468
1288	30649	Paseo de la Castellana 67, 28046, Madrid, Comunidad Madrid, España	40.4435818,-3.6935795	C/ María de Molina, 50	40.437163,-3.6809054
0	48058	C/ Pérez de la Sala, 9, 33007 OVIEDO	43.35822,-5.84951	C/ Pérez de la Sala, 9, 33007 OVIEDO	43.35822,-5.84951
0	48059	Avenida de Portugal 4, 05001 Ávila	40.65735,-4.69529	Avda. de Portugal, 4, 05001 AVILA	40.65735,-4.69529
12986	49084	Aeropuerto Barajas s/n 28042 Madrid (Madrid)	40.4839361,-3.5679515	Calle Guzmán el Bueno, 139 28003 Madrid	40.4454703,-3.7128423
0	48061	La Rambla, 18, 07003 PALMA DE MALLORCA	39.57412,2.649233	La Rambla, 18, 07003 PALMA DE MALLORCA	39.57412,2.649233
0	48062	c/ Sant Antoni Maria Claret, 5-11, 08037 BARCELONA	41.40308,2.163359	c/ Sant Antoni Maria Claret, 5-11, 08037 BARCELONA	41.40308,2.163359
0	48063	C. d´ Aragó, 273-275, 08007 BARCELONA	41.39293,2.165603	C. d´ Aragó, 273-275, 08007 BARCELONA	41.39293,2.165603
0	48064	Calle Vitoria, 16, 09004 Burgos	42.34127,-3.69762	C/ Vitoria, 16, 09004 BURGOS	42.34127,-3.69762
8	27585	Calle Corazón de María 8 28002 Madrid (Madrid)	40.4403311,-3.6709015	Calle del Corazón de María, 8 28002 Madrid	40.4403263,-3.671005
0	48066	Avda. Amilcar Barca, nº 5, 11008 CADIZ	36.51632,-6.28492	Avda. Amilcar Barca, nº 5, 11008 CADIZ	36.51632,-6.28492
8	46019	Plaza De España 17 28071 Madrid (Madrid)	40.4239456,-3.7128028	Plaza de España, 17	40.4239508,-3.712898
0	48068	Avda. del Mar, 6, 12003 CASTELLON DE LA PLANA/CASTELLO DE LA PLA	39.98536,-0.03286	Avda. del Mar, 6, 12003 CASTELLON DE LA PLANA/CASTELLO DE LA PLA	39.98536,-0.03286
0	48071	C/ Ronda de los Tejares, 23 y 25, 14008 CORDOBA	37.88693,-4.78334	C/ Ronda de los Tejares, 23 y 25, 14008 CORDOBA	37.88693,-4.78334
0	48072	Parque San Julián, 7, 16001 Cuenca	40.07262,-2.13495	Parque de San Julian, 7, 16001 CUENCA	40.07262,-2.13495
0	48074	Gran Vía de Colón, 23, 18001 GRANADA	37.17843,-3.59897	Gran Vía de Colón, 23, 18001 GRANADA	37.17843,-3.59897
1222	27639	C/ DARWIN, 3. CANTOBLANCO 28049 Madrid (Madrid)	40.552874,-3.680763	C/ DARWIN, 3. CANTOBLANCO 28049 Madrid	40.544561,-3.6902216
11	49100	Paseo De la Castellana 67 28071 Madrid (Madrid)	40.4435818,-3.6935795	Paseo de la Castellana 67, 28071 Madrid	40.4435346,-3.6936947
6	49314	Calle Guzmán el Bueno 110 28003 Madrid (Madrid)	40.4445564,-3.7122785	C/ Guzmán el Bueno, 110 28003 - Madrid	40.4446019,-3.7122314
14	46413	Calle Atocha 106, 28012 Madrid	40.4100669,-3.6947583	Calle de Atocha, 106. 28012 - Madrid	40.4100727,-3.6949259
11	49104	Paseo De la Castellana 67 28071 Madrid (Madrid)	40.4435818,-3.6935795	Paseo de la Castellana 67, 28071 Madrid	40.4435346,-3.6936947
0	48082	C/ Cinco de Octubre, nº20, 24002 LEON	42.60365,-5.57762	C/ Cinco de Octubre, nº20, 24002 LEON	42.60365,-5.57762
2	1187	Paseo De la Castellana 162, 28046 Madrid	40.4583429,-3.6893451	Pº. de la Castellana, 162 28046-Madrid	40.4583462,-3.6893745
8789	50132	Calle Aguacate 27 28044 Madrid (Madrid)	40.3705287,-3.7457446	Calle Guzmán el Bueno, 139 28003 Madrid	40.4454703,-3.7128423
0	48085	c/ Serrano, 102, 28006 MADRID	40.43392,-3.68635	c/ Serrano, 102, 28006 MADRID	40.43392,-3.68635
0	48086	C/ Agustin de Foxa, Nº 28 -30, 28036 MADRID	40.47001,-3.68535	C/ Agustin de Foxa, Nº 28 -30, 28036 MADRID	40.47001,-3.68535
0	48087	C/ Ingeniero de la Torre Acosta, 5, 29007 MALAGA	36.71970,-4.43851	C/ Ingeniero de la Torre Acosta, 5, 29007 MALAGA	36.71970,-4.43851
0	48088	Paseo Marítimo Alcalde Rafael Ginel Cañamaque, 5, planta 8, 52004 MELILLA	35.28966,-2.93641	Paseo Marítimo Alcalde Rafael Ginel Cañamaque, 5, planta 8, 52004 MELILLA	35.28966,-2.93641
276	28633	Calle Juan de Mena, 1, 28014 Madrid	40.4173597,-3.6889892	Calle de Montalbán, 2, 28014 Madrid	40.4180516,-3.692127
1216	27610	C/ SOR JUANA INES DE LA CRUZ,3 28049 Madrid (Madrid)	40.552026,-3.680248	C/ SOR JUANA INES DE LA CRUZ,3 28049 Madrid	40.54372,-3.6896195
0	48091	C/ Concejo, 1, 32003 OURENSE	42.34150,-7.86471	C/ Concejo, 1, 32003 OURENSE	42.34150,-7.86471
0	48092	Avda. Comunidad Europea, 16, 34004 PALENCIA	42.00788,-4.51131	Avda. Comunidad Europea, 16, 34004 PALENCIA	42.00788,-4.51131
0	48093	Avda. García Barbón, 36-1º, 36201 VIGO	42.23674,-8.71540	Avda. García Barbón, 36-1º, 36201 VIGO	42.23674,-8.71540
0	48094	Paseo de Canalejas, 129, 37001 SALAMANCA	40.96107,-5.65899	Paseo de Canalejas, 129, 37001 SALAMANCA	40.96107,-5.65899
0	48095	C/ Pinar de Valsaín, 1, 40005 SEGOVIA	40.94048,-4.16062	C/ Pinar de Valsaín, 1, 40005 SEGOVIA	40.94048,-4.16062
14	26592	Calle Atocha 106, 28012 Madrid	40.4100669,-3.6947583	Calle de Atocha, 106. 28012 - Madrid	40.4100727,-3.6949259
0	48098	Rambla Nova, 84, 43003 TARRAGONA	41.11620,1.250774	Rambla Nova, 84, 43003 TARRAGONA	41.11620,1.250774
14	26595	Calle Atocha 106, 28012 Madrid	40.4100669,-3.6947583	Calle de Atocha, 106. 28012 - Madrid	40.4100727,-3.6949259
0	48100	Tarazona de Aragón, 2-A, 44002 TERUEL	40.33057,-1.08841	Tarazona de Aragón, 2-A, 44002 TERUEL	40.33057,-1.08841
0	48101	Plaza San Agustín, 3, 45001 TOLEDO	39.86038,-4.02180	Plaza San Agustín, 3, 45001 TOLEDO	39.86038,-4.02180
224	48102	Calle De Bailén 46, 46007 Valencia	39.4627842,-0.3795037	c/ Bailén, 46, 46007 VALENCIA	39.46474,-0.37887
6	30695	Avda General Perón 38, 28020, Madrid, Comunidad Madrid, España	40.4519221,-3.6928323	Avda. General Perón, 38	40.4519359,-3.692902
0	48104	C/ Boston, 6, 47007 VALLADOLID	41.63727,-4.73243	C/ Boston, 6, 47007 VALLADOLID	41.63727,-4.73243
0	48105	C/ Gran Vía, 89, 48011 BILBAO	43.26499,-2.94469	C/ Gran Vía, 89, 48011 BILBAO	43.26499,-2.94469
0	48077	C/ Puerto, 50, 21001 HUELVA	37.25887,-6.95495	C/ Puerto, 50, 21001 HUELVA	37.25887,-6.95495
1291	27627	C/ JUAN DE LA CIERVA, 3 28006 Madrid (Madrid)	40.454458,-3.680935	C/ JUAN DE LA CIERVA, 3 28006 Madrid	40.4432316,-3.6848096
80	29677	Paseo de la Castellana 183 28071 Madrid (Madrid)	40.4639201,-3.69017	Paseo de la Castellana, 183 (entrada por Estébanez Calderón, 2) 28071 - Madrid.	40.4636462,-3.691055
3	49134	Calle Alberto Bosch 16, 28014 Madrid	40.4133587,-3.689281	C/ Alberto Bosch, 16	40.4133481,-3.6893233
36	47613	Avda Manoteras 54, 28050, Madrid, Comunidad Madrid, España	40.48666765,-3.66082579839677	Avenida Manoteras 54 28050 Madrid	40.4869878,-3.6607495
6	49136	Avenida Cardenal Herrera Oria 378 28071 Madrid (Madrid)	40.4765303,-3.7446241	Av del Cardenal Herrera Oria, 378, 28035 Madrid	40.4765183,-3.744701
132	27634	AVDA.GREGORIO DEL AMO NUM.8 28040 Madrid (Madrid)	40.445706,-3.721619	AVDA.GREGORIO DEL AMO NUM.8 28040 Madrid	40.4468949,-3.7217101
1419	27636	C/ SERRANO GALVACHE, 4 28033 Madrid (Madrid)	40.481883,-3.660765	C/ SERRANO GALVACHE, 4 28033 Madrid	40.4723044,-3.6718555
5	31742	Calle Alcalá 56, 28014 Madrid	40.4195431,-3.690349	c/ Alcalá 56. 28014 Madrid	40.4195785,-3.6903966
1360	27638	C/ RAMIRO DE MAEZTU, 9 28040 Madrid (Madrid)	40.459813,-3.718185	Calle Ramiro de Maeztu, 9, 28040 Madrid	40.4478582,-3.7215972
3	30711	Paseo de la Castellana 272 28071 Madrid (Madrid)	40.4737694,-3.6866869	Pº Castellana, 272	40.4737706,-3.6867269
1289	27640	C/ ARTURO DUPERIER, 4 28029 Madrid (Madrid)	40.491936,-3.682308	C/ ARTURO DUPERIER, 4 28029 Madrid	40.4828867,-3.691833
5	30714	Calle Panamá 1, 28036, Madrid, Comunidad Madrid, España	40.4567244,-3.6889892	C/ Panamá, 1	40.4567256,-3.6890582
5	30716	Calle Panamá 1, 28036, Madrid, Comunidad Madrid, España	40.4567244,-3.6889892	C/ Panamá, 1	40.4567256,-3.6890582
136	27646	Plaza de Murillo, 2 28014 Madrid (Madrid)	40.4111064,-3.6911267	PLAZA DE MURILLO, 2 28014 Madrid	40.4121601,-3.6919537
